"iso","umd_tree_cover_extent_2000__ha","area__ha"
"SEN",3480.83992479828445668,10018.54268699233708639
